descripcion|precio|tipo|ubicacion|fecha_publicacion|area|num_habitaciones
Los Almendros|$ 136.000|Casa|San Camilo, Calderón, Norte De Quito|26 de marzo|160m²|3 habitaciones
Equinoccial 2|$ 103.990|Casa|Pomasqui, Norte De Quito|02 de abril||3 habitaciones
La Orquídea|$ 89.990|Casa|Llano Grande, Norte De Quito|26 de febrero|104m²|3 habitaciones
Jardines Zen|$ 165.000|Casa|Valle Los Chillos|08 de marzo|183m²|3 habitaciones
Verde Nova- Legazpi|$ 69.900|Casa|Sangolqui, Valle Los Chillos|08 de marzo||3 habitaciones
Arupo|$ 186.750|Casa|Valle Tumbaco|11 de marzo||3 habitaciones
Villa Verona|$ 326.000|Casa|Valle Tumbaco|11 de abril||
Aiken Homes|$ 205.000|Casa|Norte De Quito|03 de abril|173m²|3 habitaciones
La Bonanza|$ 77.930|Casa|Calderón, Norte De Quito|11 de abril||3 habitaciones
Paseo Marianitas|$ 74.900|Casa|Calderón, Norte De Quito|25 de marzo||3 habitaciones
Monte Luz|$ 149.900|Casa|La Armenia, Conocoto, Valle Los Chillos|20 de febrero|200m²|3 habitaciones
Tangara|$ 320.891|Casa|Valle Tumbaco|20 de febrero|232m²|3 habitaciones
La Sevillana|$ 263.174|Casa|Simón Bolívar, Uide, Centro Norte|26 de marzo|292m²|3 habitaciones
Los Algarrobos|$ 208.604|Casa|Nayon - Tanda, Valle Tumbaco|21 de marzo|254m²|3 habitaciones
Arganda Real|$ 77.850|Casa|Calderón, Norte De Quito|09 de abril||3 habitaciones
Killari|$ 133.500|Casa|La Armenia, Conocoto, Valle Los Chillos|19 de marzo||3 habitaciones
El Guabo II|$ 128.000|Casa|Llano Grande, Norte De Quito|04 de abril||4 habitaciones
La Pradera|$ 297.667|Casa|Puembo, Valle Tumbaco|20 de febrero||3 habitaciones
Kubel|$ 385.478|Casa|Cumbaya, Valle Tumbaco|20 de febrero||
Asturias|$ 98.500|Casa|Calderón, Norte De Quito|06 de marzo|96m²|3 habitaciones
Kintu|$ 79.606|Casa|Calderón, Norte De Quito|15 de marzo|94m²|3 habitaciones
Magnolia|$ 258.480|Casa|Valle Tumbaco|20 de febrero||3 habitaciones
Estupenda Casa Colegio Menor 4 Dormitorios Estudio Jardines|$ 350.000|Casa|Cumbaya, Valle Tumbaco|11 de abril|520m²|4 habitaciones
La Rivera Los Chillos Casa De Venta Precio De Oportunidad Sector Guangopolo|$ 285.000|Casa|Conocoto, Valle Los Chillos|11 de abril|1500m²|3 habitaciones
Vendo, Casa Barata San Antonio De Pichincha 105 M2|$ 62.500|Casa|La Ecuatoriana, Sur De Quito|11 de abril|105m²|3 habitaciones
Casa De Venta Sector El Arenal, Tumbaco|$ 125.000|Casa|Tumbaco, Valle Tumbaco|11 de abril|144m²|3 habitaciones
Venta Casa San Carlos|$ 88.000|Casa|San Antonio De Pichincha, Norte De Quito|11 de abril|135m²|3 habitaciones
Casa En Venta,Beaterio, Sur De Quito, 4 Dormitorios|$ 73.500|Casa|Turubamba, Sur De Quito|11 de abril|136m²|4 habitaciones
En Venta Casa Con Hermoso Acabados|$ 77.000|Casa|Pomasqui, Norte De Quito|11 de abril|130m²|3 habitaciones
Hermosa Y Amplia Casa Por Estrenarinter.Carcelen|$ 130.000|Casa|Carcelen, Norte De Quito|11 de abril|163m²|4 habitaciones
Casa De Venta En Puembo, Sector Arrayane|$ 320.000|Casa|Carcelen, Norte De Quito|11 de abril|240m²|3 habitaciones
Venta De Casa De 96mts, Ubicada En Tumbaco, La Morita.|$ 118.900|Casa|Tumbaco, Valle Tumbaco|11 de abril|96m²|3 habitaciones
Vendo Casa De Oportunidad Sector Mitad Del Mundo Ubicado En La Parroquia San Antonio Barrio Equinoccial|$ 350.000|Casa|Conocoto, Valle Los Chillos|11 de abril|502m²|7 habitaciones
De Oportunidad Casa En Venta De 144m2 Esquinera Conjunto Confort Europeo 2, En Barrio Monserrat En Conocoto | S1|$ 85.000|Casa|Conocoto, Valle Los Chillos|11 de abril|114m²|3 habitaciones
Venta Casa Caldern Norte Marianas|$ 78.000|Casa|Calderón, Norte De Quito|11 de abril|140m²|4 habitaciones
Casa De Venta Mitad Del Mundo|$ 118.000|Casa|San Antonio De Pichincha, Norte De Quito|11 de abril|190m²|1 habitacion
Venta De Casa Con Jardn A Estrenar 4 Dormi, Urb. Privada, Nayon Oportunidad!|$ 225.000|Casa|Nayon - Tanda, Valle Tumbaco|11 de abril|220m²|4 habitaciones
Casa De Venta 450 M Sector El Condado|$ 280.000|Casa|Cotocollao, Norte De Quito|11 de abril|450m²|3 habitaciones
Venta De Casa En Carceln|$ 94.990|Casa|Carcelen, Norte De Quito|11 de abril|113m²|3 habitaciones
Departamento De Venta 121 Mt2 Total Sector Caldern|$ 70.000|Casa|Carapungo, Calderón, Norte De Quito|11 de abril|122m²|3 habitaciones
Venta De Hotel Con 50 Habitaciones Sector Centro Histrico.|$ 550.000|Casa|Belisario Quevedo, Centro Norte|11 de abril|2500m²|10 habitaciones
Venta De Casa, Sur De Quito , Quitumbe Frente Al Terminal Quitumbe|$ 87.000|Casa|Comité Del Pueblo, Centro Norte|11 de abril|120m²|4 habitaciones
CXC Venta De Casa / Quitumbe / Sur De Quito / Exp.3374|$ 62.000|Casa|Jipijapa, Centro Norte|11 de abril|107m²|3 habitaciones
Amplia Casa De 4 Dormitorios Sector Las Casas Whatsapp 0995800928|$ 168.000|Casa|Las Casas, Belisario Quevedo, Centro Norte|11 de abril|370m²|4 habitaciones
Vendo Casa Cerca De La Estacin Del Ecovia De La Rio Coca|$ 114.900|Casa|San Isidro Del Inca, Centro Norte|11 de abril|143m²|3 habitaciones
Casa En Venta De 106 Mt2 Sector San Antonio De Pichincha Mitad Del Mundo|$ 72.000|Casa|San Antonio De Pichincha, Norte De Quito|11 de abril|130m²|3 habitaciones
Casa Tumbaco De Oportunidad Conjunto Con Piscina|$ 150.000|Casa|Tumbaco, Valle Tumbaco|11 de abril|160m²|3 habitaciones
Hermosa Y Amplia Casa De Venta En Cumbaya Sector Santa Lucia|$ 685.000|Casa|La Carolina, Iñaquito, Centro Norte|11 de abril|650m²|4 habitaciones
Vendo Casa Obra Gris.Sangolqu Conjunto.|$ 120.000|Casa|Tababela, Valle Tumbaco|11 de abril|210m²|3 habitaciones
Venta Casa Cumbay San Juan Alto|$ 215.000|Casa|Cumbaya, Valle Tumbaco|10 de abril|164m²|4 habitaciones
Pusuqui, Casas Amplias, Nuevas, Seguridad, Acepto Biess|$ 180.000|Casa|Pomasqui, Norte De Quito|10 de abril|203m²|4 habitaciones
Casa Comercial Local / Oficina Granados|$ 399.000|Casa|Jipijapa, Centro Norte|10 de abril|543m²|10 habitaciones
Vendo Linda Casa Tipo Hacienda, Mirasierrasan Rafael|$ 200.000|Casa|Alangasí, Valle Los Chillos|09 de abril|407m²|4 habitaciones
Hermosa Casa 88m2 3 Habitaciones 2 Estacionamientos|$ 89.000|Casa|El Pinar, Concepción, Centro Norte|09 de abril|120m²|3 habitaciones
Casa De Venta En Conjunto Cerrado Lumbis|$ 139.000|Casa|Cumbaya, Valle Tumbaco|09 de abril|150m²|3 habitaciones
Vendo Casa Sur De Quito Beatereo|$ 70.000|Casa|Turubamba, Sur De Quito|09 de abril|80m²|3 habitaciones
Sur De Quito Excelente Propiedad|$ 125.000|Casa|Quitumbe, Sur De Quito|08 de abril|400m²|8 habitaciones
Venta Casa En Urb. La Colina/ Espe/ Valle Los Chillos|$ 218.000|Casa|Quito|08 de abril|1300m²|5 habitaciones
Casa En Venta Av 6 De Diciembre|$ 169.000|Casa|Kennedy, Centro Norte|08 de abril|297m²|5 habitaciones
Casa De Venta Santa Ins Cumbaya - Colegio Menor|$ 370.000|Casa|Cumbaya, Valle Tumbaco|07 de abril|495m²|4 habitaciones
Venta De Casa En Cumbaya Va Interocenica Villa Juliana|$ 170.000|Casa|Cumbaya, Valle Tumbaco|07 de abril|170m²|3 habitaciones
De Venta Propiedad En Puembo|$ 470.000|Casa|Puembo, Valle Tumbaco|06 de abril|2500m²|3 habitaciones
Venta De Casa En Ponceano|$ 130.000|Casa|Ponceano, Norte De Quito|06 de abril|130m²|4 habitaciones
Vendo Casa Rentera Sector Biloxi|$ 150.000|Casa|Iñaquito, Centro Norte|06 de abril|490m²|10 habitaciones
Lindas Casas De Oportunidad Sur De Quito La Ecuatoriana|$ 78.000|Casa|La Ecuatoriana, Sur De Quito|05 de abril|97m²|3 habitaciones
Vendo Casa A Estrenar Tipo Rustica En La Armenia|$ 199.500|Casa|Conocoto, Valle Los Chillos|05 de abril|240m²|4 habitaciones
Casa En Venta En La Armenia Valle De Los Chillos Cerca A Intervalles|$ 118.000|Casa|Conocoto, Valle Los Chillos|05 de abril|125m²|3 habitaciones
Casa ,$99.000, Conocoto , 150m2 Urb. 6 De Junio|$ 99.000|Casa|Conocoto, Valle Los Chillos|05 de abril|150m²|3 habitaciones
Casa De Venta Cerca De Urab|$ 185.000|Casa|Carcelen, Norte De Quito|05 de abril|170m²|4 habitaciones
La Tola, Vendo Casa De 140 M2, Local Comercial.|$ 65.000|Casa|Itchimbía, Centro Colonial|05 de abril|140m²|2 habitaciones
Se Vende Propiedad 65.145m2 Incluye Tres Casas Sector Amaguaa|$ 1.800.000|Casa|Amaguaña, Sur De Quito|05 de abril|680m²|8 habitaciones
Se Vende Casa Rentera De Oportunidad En El Norte De Quito|$ 200.000|Casa|El Condado, Norte De Quito|04 de abril|441m²|10 habitaciones
Venta Casa Cumbay, De Diseo Especial, En Urbanizacin Exclusiva|$ 1.350.000|Casa|Guangopolo, Valle Los Chillos|04 de abril|521m²|4 habitaciones
Casa Rentera Sur De Quito Nueva Aurora II|$ 175.000|Casa|Guamaní, Sur De Quito|04 de abril|639m²|10 habitaciones
Se Vende De Oportunidad Espectacular Propiedad En El Valle De Los Chillos|$ 670.000|Casa|Solanda, Sur De Quito|04 de abril|550m²|5 habitaciones
Venta Casa Rentera Pio 12 Villaflora|$ 169.000|Casa|La Ferroviaria, Sur De Quito|04 de abril|442m²|10 habitaciones
Casa En Ponceano Alto Con Acabados De Lujo|$ 170.000|Casa|Ponceano, Norte De Quito|04 de abril|193m²|5 habitaciones
Casa En Venta Por El Terminal Quitumbe/Conjunto Privado|$ 116.000|Casa|Quitumbe, Sur De Quito|04 de abril|200m²|6 habitaciones
Venta, Se Vende Casa En La Rumiahui, Av Del Maestro, Av. Real Audiencia, Norte De Quito|$ 155.000|Casa|Ponceano, Norte De Quito|03 de abril|294m²|5 habitaciones
Casa En Venta En Valle De Los Chillos/ Cerca A Sangolqui|$ 179.000|Casa|Conocoto, Valle Los Chillos|01 de abril|250m²|4 habitaciones
Venta Casa Estrenar Cuatro Habitaciones Ecuatorina Turubamba De Monjas $95.500|$ 95.500|Casa|Iñaquito, Centro Norte|01 de abril|165m²|4 habitaciones
Venta Amplia Casa De 5 Dormitorios Urbanizacin Ute Sector Caldern|$ 210.000|Casa|Calderón, Norte De Quito|01 de abril|315m²|5 habitaciones
Venta De Casa En Yunguilla Cuenca|$ 130.000|Casa|Nanegal, Norte De Quito|01 de abril|4300m²|4 habitaciones
Casa En Venta Llano Grande Caldern|$ 55.000|Casa|Calderón, Norte De Quito|31 de marzo|118m²|3 habitaciones
Hermosas Casas De Venta En Calderon Para Crdito Vip|$ 69.500|Casa|Calderón, Norte De Quito|30 de marzo|90m²|3 habitaciones
Departamento De Venta La Mariscal Coln|$ 110.000|Casa|Mariscal Sucre, Centro Norte|30 de marzo|127m²|3 habitaciones
Venta Casa Sector El Rocio Sur De Quito|$ 45.000|Casa|Solanda, Sur De Quito|30 de marzo|200m²|1 habitacion
Casa En Venta 93m2 Pinar Alto Paseos Del Pichincha 6|$ 89.000|Casa|El Pinar, Concepción, Centro Norte|29 de marzo|93m²|3 habitaciones
Vendo Linda Casa En Sta Rosa Sn Patricio/// Lista Para Vivir ///Zona Tranquila|$ 360.000|Casa|Cumbaya, Valle Tumbaco|29 de marzo|300m²|9 habitaciones
Camplia Casa De Cuatro Habitaciones 112 M Acceso A Terraza|$ 77.500|Casa|Llano Chico, Norte De Quito|28 de marzo|112m²|4 habitaciones
Vendo Casa Por Estrenar / Sector Capelo|$ 96.000|Casa|Quito|28 de marzo|118m²|3 habitaciones
Casa De Venta En La Juan De Dios Martinez, 2 Departamentos, Batan Alto|$ 340.000|Casa|Iñaquito, Centro Norte|25 de marzo|356m²|7 habitaciones
Casa Con Terreno De Venta Con Escritura Urb. Treboles Del Sur, Sur De Quito|$ 79.000|Casa|Quitumbe, Sur De Quito|24 de marzo|165m²|3 habitaciones
Casa Familiar 3 Pisos Solanda Sector 2|$ 72.000|Casa|Solanda, Sur De Quito|23 de marzo|191m²|5 habitaciones
Vendo Casa En El Sector De La Armenia Puente Tres Valle De Los Chillos|$ 123.700|Casa|Conocoto, Valle Los Chillos|23 de marzo|140m²|3 habitaciones
Amplia Y Hermosa Casa, Precio De Oportunidad, Ubicacin Estratgica, Negociable|$ 135.000|Casa|Ponceano, Norte De Quito|22 de marzo|263m²|5 habitaciones
Casa De Venta En El Condado|$ 480.000|Casa|El Condado, Norte De Quito|21 de marzo|457m²|3 habitaciones
Remato Casa Al Sur De Quito Sector El Provenir|$ 49.000|Casa|Chillogallo, Sur De Quito|21 de marzo|290m²|2 habitaciones
Se Vende Casa San Juan De Cumbaya|$ 1.600.000|Casa|Pomasqui, Norte De Quito|20 de marzo|1600m²|5 habitaciones
Vendo Casa En Tumbaco|$ 123.000|Casa|Tumbaco, Valle Tumbaco|19 de marzo|144m²|3 habitaciones
Vendo Casa Rentera Ciudadela El Ejercito.|$ 180.000|Casa|Quitumbe, Sur De Quito|18 de marzo|400m²|10 habitaciones
Valle De Los Chillos Urbanizacion Privada|$ 360.000|Casa|Alangasí, Valle Los Chillos|18 de marzo|247m²|3 habitaciones
Venta De Casa En La Mitad Del Mundo Con Crdito Vip Sector Norte De Quito|$ 72.000|Casa|San Antonio De Pichincha, Norte De Quito|18 de marzo|150m²|3 habitaciones
Casa Independiente En Venta Prados De La Hacienda 340m2 Construccin, 5 Dormitorios Altillo|$ 295.000|Casa|Quito|17 de marzo|450m²|5 habitaciones
Venta Casa Tres Departamentos Independientes|$ 220.000|Casa|Solanda, Sur De Quito|17 de marzo|360m²|10 habitaciones
Venta Casas Grandes En San Jose De Calderon|$ 75.000|Casa|Calderón, Norte De Quito|16 de marzo|137m²|3 habitaciones
Casa En Venta En Santo Domingo|$ 99.000|Casa|Belisario Quevedo, Centro Norte|14 de marzo|136m²|3 habitaciones
San Jos Del Valle Espectacular Mansin|$ 485.000|Casa|La Ecuatoriana, Sur De Quito|14 de marzo|640m²|5 habitaciones
En Venta Casa Moderna Muy Bonita Ubicada En Pueblo Club Los Arrayanes|$ 890.000|Casa|Puembo, Valle Tumbaco|13 de marzo|450m²|3 habitaciones
Casa En Conjunto 3 Dormitorios Excelente Ubicacin|$ 78.900|Casa|Cotocollao, Norte De Quito|09 de abril|169m²|3 habitaciones
Venta Casa Pomasqui De Oferta|$ 115.000|Casa|Turubamba, Sur De Quito|29 de marzo|135m²|3 habitaciones
Casa En Venta, Guaman, Tres Dormitorios, Urbanizacin Privada|$ 53.000|Casa|Guamaní, Sur De Quito|17 de marzo|75m²|3 habitaciones
Se Vende Casa Sector Cumbaya|$ 280.000|Casa|Cumbaya, Valle Tumbaco|31 de marzo|250m²|3 habitaciones
Casa Estilo Rsticoterreno De 2020 M2, Esquinera|$ 380.000|Casa|Calderón, Norte De Quito|11 de abril|2020m²|3 habitaciones
Casa De Venta, Floresta, Para Negocio|$ 610.000|Casa|Carcelen, Norte De Quito|11 de abril|651m²|3 habitaciones
Quito, Puengasi, 460m2 De Terreno Y 256m2 De Construccin, 5 Alcobas|$ 150.000|Casa|Puengasí, Centro Colonial|06 de abril|256m²|5 habitaciones
Casa De Venta Sector Mariscal/ Sector Foch|$ 290.000|Casa|Mariscal Sucre, Centro Norte|13 de marzo|340m²|4 habitaciones
Vendo Casa De Oportunidad En San Jose De Morn En El Conjunto Habitacional Kairos|$ 55.000|Casa|San Antonio De Pichincha, Norte De Quito|11 de abril|80m²|3 habitaciones
Vendo Casa De Oportunidad En Quitumbe Ag. Angelica Ayala|$ 85.000|Casa|Quitumbe, Sur De Quito|11 de abril|130m²|3 habitaciones
Hermosa Casa De Dos Pisos En Venta Conjunto Privado Confort Europeo | Conocoto Quito | S2|$ 85.000|Casa|Conocoto, Valle Los Chillos|11 de abril|114m²|3 habitaciones
Venta Casa Caldern Norte|$ 91.500|Casa|Calderón, Norte De Quito|01 de abril|124m²|3 habitaciones
Cumbay Miravalle1, Hermosa Casa De Venta, 470 Mts.|$ 450.000|Casa|Mariscal Sucre, Centro Norte|22 de marzo|500m²|4 habitaciones
Venta De Casa A Estrenar 3 Dormi, Urb Privada, Sector Nayon Oportunidad!|$ 199.000|Casa|Nayon - Tanda, Valle Tumbaco|11 de abril|190m²|3 habitaciones
Casa En Venta 500 M Urbanizacin El Condado|$ 522.000|Casa|Cotocollao, Norte De Quito|11 de abril|500m²|3 habitaciones
Venta De Casa De 110 M2 En Conjunto Quitunbe.|$ 75.000|Casa|El Condado, Norte De Quito|11 de abril|110m²|3 habitaciones
Vendo Casa En Urb. Camino De Los Eucaliptos|$ 86.900|Casa|Calderón, Norte De Quito|31 de marzo|155m²|4 habitaciones
Venta De Casas Esquineras Sector San Antonio De Pichicha Pomasqui Con Acabados De Primera|$ 105.000|Casa|San Antonio De Pichincha, Norte De Quito|30 de marzo|118m²|3 habitaciones
Casas Via Antigua Conocoto Diseo Moderno|$ 79.900|Casa|Conocoto, Valle Los Chillos|11 de abril|100m²|3 habitaciones
En Venta Bonita Y Acogedora Casa En El Centro De Puembo|$ 110.000|Casa|La Carolina, Iñaquito, Centro Norte|06 de abril|400m²|2 habitaciones
Casa En Venta San Antonio Mitad Del Mund|$ 99.963|Casa|La Carolina, Iñaquito, Centro Norte|11 de abril|146m²|3 habitaciones
Conocoto Casa Por Estrenar|$ 115.000|Casa|Conocoto, Valle Los Chillos|11 de abril|124m²|3 habitaciones
Venta Casa Cumbay Santa Ins|$ 270.000|Casa|Cumbaya, Valle Tumbaco|10 de abril|260m²|4 habitaciones
Preciosa Casa De Venta Sector Monjas Orqudeas Usd. 115.000|$ 115.000|Casa|Puengasí, Centro Colonial|29 de marzo|217m²|3 habitaciones
Linda Casa En San Juan De Cumbay|$ 290.000|Casa|Cumbaya, Valle Tumbaco|09 de abril|320m²|4 habitaciones
Vendo Casa Cumbaya Primavera Valle|$ 300.000|Casa|Cumbaya, Valle Tumbaco|28 de marzo|190m²|4 habitaciones
Casa En Venta, Santa Lucia Eloy Alfaro6 De Diciembre|$ 179.000|Casa|Kennedy, Centro Norte|24 de marzo|300m²|4 habitaciones
Venta Vendo Casas Sector Armenia 2 Valle De Los Chillos|$ 133.000|Casa|Conocoto, Valle Los Chillos|07 de abril|133m²|3 habitaciones
Vendo Casas A Estrenar Caldern|$ 82.500|Casa|Calderón, Norte De Quito|06 de abril|100m²|3 habitaciones
Venta Casa Av. Republica Oportunidad|$ 490.000|Casa|Iñaquito, Centro Norte|29 de marzo|528m²|4 habitaciones
Venta Terreno Casa Independiente San Isidro Del Inca|$ 260.000|Casa|Kennedy, Centro Norte|05 de abril|550m²|7 habitaciones
Orlando Florida La Casa De Sus Sueos, A 10 Min De Parques Disney|$ 269.900|Casa|San Juan, Centro Colonial|05 de abril|209m²|3 habitaciones
Casa Rentera Sector Banco Pichincha Av. America Y Av Las Casas. $ 210.000,00|$ 210.000|Casa|Iñaquito, Centro Norte|31 de marzo|450m²|10 habitaciones
*6 De Diciembre! Lote De 500m2 Incluye Casa Y 2 Locales Comerciales! Sector Orellana|$ 650.000|Casa|Puengasí, Centro Colonial|06 de abril|500m²|4 habitaciones
Venta De Casa En El Valle De Los Chillos|$ 95.000|Casa|Conocoto, Valle Los Chillos|06 de abril|124m²|3 habitaciones
Vendo Casa 4 Dormitorios, Conjunto Con Canchas Y Reas Verdes Lumbis, Cumbay|$ 167.000|Casa|Cumbaya, Valle Tumbaco|06 de abril|235m²|4 habitaciones
Venta De Casa Pomasqui|$ 57.000|Casa|Calderón, Norte De Quito|05 de abril|88m²|3 habitaciones
Venta Casa Lujo Nayon 233m2 En Conjunto Exclusivo No Adosada|$ 450.000|Casa|Nayon - Tanda, Valle Tumbaco|05 de abril|233m²|3 habitaciones
Casa De Venta A Estrenar En Caldern Cerca Al Hospital|$ 88.000|Casa|Miravalle, Nayon - Tanda, Valle Tumbaco|04 de abril|140m²|3 habitaciones
Venta De Casa En Conjunto Residencial, Tumbaco, Cumbay, Ruta Viva|$ 179.000|Casa|Tumbaco, Valle Tumbaco|05 de abril|165m²|3 habitaciones
Venta Casa Cumbaya|$ 195.000|Casa|Cumbaya, Valle Tumbaco|05 de abril|200m²|4 habitaciones
Conocoto, Urb. Los Arupos, $135.000,Casa Estilo Rustica,Una Planta,150m2|$ 135.000|Casa|Conocoto, Valle Los Chillos|02 de abril|150m²|3 habitaciones
Casa Venta En Caldern, Cerca Horpital Especialidades|$ 93.320|Casa|Calderón, Norte De Quito|29 de marzo|113m²|3 habitaciones
Casa En Venta En La Ciudad De Quito|$ 98.000|Casa|Iñaquito, Centro Norte|05 de abril|240m²|3 habitaciones
De Oportunidad Hermosa Casa De 460 M2 En La Urbanizacin El Condado|$ 280.000|Casa|Ponceano, Norte De Quito|30 de marzo|462m²|4 habitaciones
Venta Casa Sector Union Nacional / El Bosque / Brasil Y Zamora / Colegio Intisana / Pinar Bajo|$ 520.000|Casa|Rumipamba, Centro Norte|13 de marzo|540m²|5 habitaciones
Casa En Venta En Valle De Los Chillos|$ 210.000|Casa|Conocoto, Valle Los Chillos|01 de abril|300m²|6 habitaciones
Venta Casa De 4 Dormitorios Con Bao En Urbanizacin El Condado|$ 350.000|Casa|El Condado, Norte De Quito|01 de abril|521m²|4 habitaciones
Casa En Venta Llano Grande Caldern|$ 59.000|Casa|Calderón, Norte De Quito|31 de marzo|137m²|4 habitaciones
Casa De Venta En Calderon, Amplia|$ 87.000|Casa|Calderón, Norte De Quito|30 de marzo|110m²|3 habitaciones
Casa De Venta, Urb El Condado, 450m|$ 280.000|Casa|Mariscal Sucre, Centro Norte|30 de marzo|380m²|4 habitaciones
Hermosa Casa En Venta, De 2 Plantas, 85 M2, Sector Bellavista De Caldern|$ 67.000|Casa|Calderón, Norte De Quito|28 de marzo|85m²|3 habitaciones
Se Vende Casa Rentera Caupicho|$ 119.950|Casa|Turubamba, Sur De Quito|26 de marzo|341m²|3 habitaciones
Venta Casa Sector C.C. Condado|$ 139.000|Casa|Cotocollao, Norte De Quito|14 de marzo|260m²|4 habitaciones
Venta Casa Rentera Carcelen Bajo|$ 80.000|Casa|Kennedy, Centro Norte|26 de marzo|200m²|2 habitaciones
Casa En Venta En Conocoto Juan Pablo Ii|$ 59.500|Casa|Alangasí, Valle Los Chillos|14 de marzo|80m²|3 habitaciones
Hermosa Casa De Dos Pisos En Sector Nayon|$ 173.000|Casa|Nayon - Tanda, Valle Tumbaco|21 de marzo|220m²|3 habitaciones
En Venta Hermosa Casa, Villa Fontana.|$ 790.000|Casa|Puembo, Valle Tumbaco|17 de marzo|630m²|4 habitaciones
Venta De Casa En Nanegalito|$ 145.000|Casa|Nanegalito, Norte De Quito|14 de marzo|1494m²|4 habitaciones
Oportunidad Casas De 118 M En Tres Plantas Al Norte En Calderon.|$ 101.320|Casa|Centro De Quito, Centro Colonial|14 de marzo|181m²|3 habitaciones
Residencias 281|$ 447.000|Casa|Valle Los Chillos|04 de abril|437m²|3 habitaciones
Casa Conjunto 3 Dormitorios Terraza Sector El Condado|$ 127.000|Casa|El Condado, Norte De Quito|09 de abril|194m²|3 habitaciones
Casa, Oportunidad, Excelentes Acabados, 180 M, Carcelen.|$ 85.000|Casa|Ponceano, Norte De Quito|08 de abril|180m²|3 habitaciones
Casa De 2 Habitaciones En Tumbaco, Dentro De Conjunto|$ 118.000|Casa|Tumbaco, Valle Tumbaco|22 de marzo|150m²|2 habitaciones
Venta Casa Beaterio Sur Quito|$ 47.500|Casa|Turubamba, Sur De Quito|29 de marzo|69m²|2 habitaciones
Venta Casa Sector Unasur|$ 119.000|Casa|Iñaquito, Centro Norte|04 de abril|151m²|3 habitaciones
Venta, Casa, Cerca Yambal Y Nuevo Centro Comercial|$ 105.000|Casa|Comité Del Pueblo, Centro Norte|11 de abril|162m²|3 habitaciones
De Oportunidad Casa A Precio De Mercado|$ 47.000|Casa|Calderón, Norte De Quito|11 de abril|64m²|2 habitaciones
Los Chillos, Playa Chica, Propiedad Con 990m2 De Terreno Y 320 De Construccin|$ 300.000|Casa|Alangasí, Valle Los Chillos|06 de abril|320m²|4 habitaciones
Venta De Departamento, 2 Dormitorios, Ubicado En La Gaspar De Villaroel.|$ 89.000|Casa|Iñaquito, Centro Norte|11 de abril|65m²|2 habitaciones
Vendo Casas En El Conjunto Equinoccial II Ubicado En La Mitad Del Mundo En La Urbanizacin Oasis Sector Maresa.|$ 105.000|Casa|San Antonio De Pichincha, Norte De Quito|11 de abril|115m²|3 habitaciones
Casa De Venta En Puembo Club Los Arrayanes Ag. Roberto Alarcon|$ 850.000|Casa|Puembo, Valle Tumbaco|11 de abril|500m²|5 habitaciones
Hermoso Departamento En Venta En Sector De Cumbaya /S7|$ 260.000|Casa|Tumbaco, Valle Tumbaco|24 de marzo|240m²|3 habitaciones
Venta Terreno Sector Gonzalez Suarez La Corua|$ 780.000|Casa|Itchimbía, Centro Colonial|07 de abril|497m²|6 habitaciones
Venta Casa 4 Dormi. Sector El Condado Precio Oportunidad|$ 140.000|Casa|El Condado, Norte De Quito|11 de abril|191m²|4 habitaciones
Vendo Casa A Estrenar El Calderon|$ 86.900|Casa|Calderón, Norte De Quito|31 de marzo|120m²|3 habitaciones
Casas En Venta Unifamiliar Sector Norte De Quito, Ponciano Alto|$ 169.000|Casa|Ponceano, Norte De Quito|30 de marzo|220m²|3 habitaciones
Casas Centro De Caldern Precio De Constructor|$ 95.000|Casa|Calderón, Norte De Quito|11 de abril|110m²|4 habitaciones
Casas Desde 69.990 2 Pisos 3 Dorm|$ 69.990|Casa|Calderón, Norte De Quito|31 de marzo|85m²|3 habitaciones
Venta De Casa San German 715 M2 De Terreno Y 250 M2 Construccion|$ 390.000|Casa|El Condado, Norte De Quito|25 de marzo|250m²|4 habitaciones
Lumbisi Casa En Conjunto Privado|$ 248.000|Casa|Cumbaya, Valle Tumbaco|11 de abril|210m²|4 habitaciones
Centro Histrico Vendo Casa|$ 420.000|Casa|Belisario Quevedo, Centro Norte|02 de abril|1100m²|10 habitaciones
Venta. Casa Grande. Tola Alta. 289 M. Buena Ubicacin.|$ 120.000|Casa|Itchimbía, Centro Colonial|26 de marzo|289m²|3 habitaciones
Hermosa Casa De Venta Conjunto Cerrado En La Morita|$ 205.000|Casa|El Condado, Norte De Quito|09 de abril|310m²|3 habitaciones
Vendo Casa Sector Las Casas La Gasca|$ 125.000|Casa|Las Casas, Belisario Quevedo, Centro Norte|22 de marzo|120m²|4 habitaciones
Venta Casa Sabanilla Av Prensa Mi Comisariato Quito Norte|$ 84.990|Casa|Ponceano, Norte De Quito|19 de marzo|150m²|4 habitaciones
Edificio De Venta, Sector La Floresta, Poca Inversin Para Casa Rentera|$ 450.000|Casa|Mariscal Sucre, Centro Norte|19 de marzo|950m²|7 habitaciones
Venta Casa 200 Metros 3 Dormitorios 7 Min Condado|$ 146.000|Casa|Ponceano, Norte De Quito|14 de marzo|200m²|3 habitaciones
Venta Casa Sector Amagasi|$ 450.000|Casa|San Isidro Del Inca, Centro Norte|07 de abril|426m²|4 habitaciones
Casa En Venta Con Rea Verde Sector Carcelen|$ 98.000|Casa|Carcelen, Norte De Quito|23 de marzo|182m²|3 habitaciones
Casa De Venta En Ponceano Bajo, Mariano Paredes|$ 400.000|Casa|Ponceano, Norte De Quito|23 de marzo|448m²|4 habitaciones
Venta De Casa En Urb. Valle De Los Chillos, Quito|$ 370.000|Casa|Conocoto, Valle Los Chillos|05 de abril|600m²|3 habitaciones
Conocoto,Urbanizacion Juan Pablo Ii, $60.000, Casa Esquinera|$ 60.000|Casa|Conocoto, Valle Los Chillos|28 de marzo|80m²|3 habitaciones
Casa En Oportunidad Sur De Quito|$ 125.000|Casa|Chilibulo, Sur De Quito|01 de abril|213m²|5 habitaciones
Venta Casa 4d Primavera 2|$ 199.000|Casa|Cumbaya, Valle Tumbaco|04 de abril|195m²|4 habitaciones
Casa En Venta Sector San Jos La Salle Conocoto|$ 104.000|Casa|Conocoto, Valle Los Chillos|04 de abril|116m²|3 habitaciones
Venta De Casa En Valles De Los Chillos|$ 220.000|Casa|Conocoto, Valle Los Chillos|01 de abril|330m²|5 habitaciones
Casa En Venta En Caldern|$ 85.000|Casa|Calderón, Norte De Quito|26 de marzo|160m²|3 habitaciones
Viviendas De Inters Publico En Caldern|$ 69.990|Casa|Calderón, Norte De Quito|30 de marzo|93m²|3 habitaciones
En Venta Hermosa Casa De 3 Plantas, Sector Amagas Del Inca, Rea 120 M|$ 119.800|Casa|Iñaquito, Centro Norte|24 de marzo|120m²|3 habitaciones
Vendo Casa|$ 50.000|Casa|Quitumbe, Sur De Quito|16 de marzo|300m²|4 habitaciones
Casa De Venta En Turubamba Alto|$ 105.000|Casa|Solanda, Sur De Quito|14 de marzo|250m²|10 habitaciones
Venta Casa Rentera Sector La Alpahuasi Buen Precio|$ 260.000|Casa|La Ferroviaria, Sur De Quito|26 de marzo|380m²|8 habitaciones
Venta Casa Rentera Soleada Bien Ubicada Zona Comercial Residencial|$ 295.000|Casa|Belisario Quevedo, Centro Norte|14 de marzo|550m²|6 habitaciones
Casa En Venta, Iaquito, Granda Centeno, Rumipamba|$ 369.000|Casa|Rumipamba, Centro Norte|14 de marzo|980m²|6 habitaciones
Casa Rentera Mena 2 Reino De Quito|$ 100.000|Casa|Iñaquito, Centro Norte|14 de marzo|351m²|8 habitaciones
Departamento En Venta En Sector Gonzalez Suarez|$ 270.000|Casa|Alangasí, Valle Los Chillos|14 de marzo|172m²|3 habitaciones
Vendo Casa De 3 Dormitorios, Flamante Cerca A La Escuela De Policia Pomasqui|$ 89.800|Casa|El Condado, Norte De Quito|30 de marzo|112m²|3 habitaciones
Departamento De Venta En La Granda Centeno|$ 120.000|Casa|Granda Centeno, Rumipamba, Centro Norte|18 de marzo|145m²|3 habitaciones
Se Vende Casa Martha Bucaram, Jose Maria Proao, 3 Minutos De La Virgen|$ 95.000|Casa|La Ecuatoriana, Sur De Quito|30 de marzo|300m²|6 habitaciones
Venta Casa Pusuqui, Cerca Esmil|$ 115.000|Casa|Pomasqui, Norte De Quito|29 de marzo|119m²|3 habitaciones
San Pedro De Taboada, Casa Venta, 5 Habitaciones, 5 Baos, 3 Parq, 255 M2,|$ 145.000|Casa|Conocoto, Valle Los Chillos|11 de abril|255m²|5 habitaciones
Confortable Casa Dentro De Conjunto Habitacional|$ 50.000|Casa|Calderón, Norte De Quito|11 de abril|80m²|3 habitaciones
Conocoto, Casas Y Departamentos A Estrenar, Conjunto Con Pisciona|$ 120.000|Casa|Conocoto, Valle Los Chillos|30 de marzo|120m²|3 habitaciones
Vendo Casa De Oportunidad En El Conjunto Villalinda Sector Mitad Del Mundo|$ 85.000|Casa|La Ecuatoriana, Sur De Quito|11 de abril|195m²|3 habitaciones
Casa En Venta En Cumbaya, Urbanizacion Algarrobosag. Roberto Alarcon|$ 375.000|Casa|Cumbaya, Valle Tumbaco|11 de abril|280m²|3 habitaciones
Venta Casa Lujo Y Casa Huspedes, 7 Dormi, La Cermica Tumbaco Oportunidad!|$ 795.000|Casa|Tumbaco, Valle Tumbaco|11 de abril|763m²|7 habitaciones
Venta De Casa Con Terreno De 200m2 Sector Quitumbe|$ 98.000|Casa|Quitumbe, Sur De Quito|05 de abril|200m²|3 habitaciones
Vendo De Oportunidad Linda Casa Sector El Condado|$ 105.000|Casa|El Condado, Norte De Quito|06 de abril|120m²|3 habitaciones
Casa De Venta De 74mts En Dos Plantas Con Estacionamiento Ubicada En La Armenia Valle De Los Chillos|$ 53.500|Casa|Conocoto, Valle Los Chillos|11 de abril|74m²|3 habitaciones
CXC Venta De Casa Argelia Media Sur De Quito Exp.3373|$ 50.000|Casa|Belisario Quevedo, Centro Norte|07 de abril|316m²|5 habitaciones
Venta Casa En Conjunto, En Calderon|$ 82.900|Casa|Calderón, Norte De Quito|30 de marzo|140m²|3 habitaciones
Casa En Venta Al Norte De Quito, Mitad Del Mundo, Pomasqui|$ 135.000|Casa|San Antonio De Pichincha, Norte De Quito|22 de marzo|140m²|3 habitaciones
Casas Valle De Los Chillos Puente 4 En Conjunto Habitacional Recreativo|$ 86.000|Casa|Conocoto, Valle Los Chillos|11 de abril|117m²|3 habitaciones
Puembo Ultima Casa 93mts En Conjunto|$ 85.000|Casa|Puembo, Valle Tumbaco|30 de marzo|93m²|2 habitaciones
Vendo Casa Con 2 Departamentos, Valle De Los Chillos Conocoto|$ 135.000|Casa|Conocoto, Valle Los Chillos|24 de marzo|210m²|4 habitaciones
Urbanizacion Jaridines De La Pampa|$ 180.000|Casa|Pomasqui, Norte De Quito|11 de abril|193m²|3 habitaciones
Venta De Casa 3 Dormitorios Guanguiltagua|$ 360.000|Casa|Iñaquito, Centro Norte|09 de abril|450m²|3 habitaciones
Vendo Hermosa Casa Dentro De Una Urbanizacin. 200 M2 De Construccin. Sector La Salle. Conocoto|$ 150.000|Casa|Conocoto, Valle Los Chillos|23 de marzo|200m²|4 habitaciones
Vendo Casa En Conjunto-Quitumbe|$ 72.000|Casa|Puengasí, Centro Colonial|17 de marzo|112m²|3 habitaciones
Casa Venta, Sector Carapungo Giovanni Calles Pananorte|$ 75.000|Casa|Calderón, Norte De Quito|16 de marzo|117m²|3 habitaciones
Venta / Casa En El Sur Sector La Argelia|$ 80.000|Casa|La Argelia, Sur De Quito|01 de abril|120m²|3 habitaciones
Venta Casa Miravalle 3|$ 350.000|Casa|Miravalle, Nayon - Tanda, Valle Tumbaco|07 de abril|310m²|3 habitaciones
En Venta Casa En Caldern Dentro De Conjunto Cerrado San Nicolas, Cerca A La Panamericana|$ 110.000|Casa|Calderón, Norte De Quito|23 de marzo|235m²|3 habitaciones
Pusuqui Vendo Linda Casa Conjunto Privado|$ 149.000|Casa|Pomasqui, Norte De Quito|07 de abril|200m²|3 habitaciones
Casas De Venta 170 Mts2, 2 , 3 Dormitorios, Sector La Pampa|$ 160.000|Casa|Cochapamba, Centro Norte|30 de marzo|170m²|3 habitaciones
Casa En Venta Valle De Los Chillos Armenia|$ 128.000|Casa|La Armenia, Conocoto, Valle Los Chillos|28 de marzo|148m²|3 habitaciones
Espectacular Casa Valle De Los Chillos San Rafael|$ 173.000|Casa|Amaguaña, Sur De Quito|22 de marzo|260m²|4 habitaciones
Casa De Venta La Armenia Valle De Los Chillos Puente 3|$ 123.700|Casa|Conocoto, Valle Los Chillos|31 de marzo|125m²|3 habitaciones
Venta Casa Carolina 563 M2|$ 600.000|Casa|Iñaquito, Centro Norte|17 de marzo|563m²|6 habitaciones
Casa Rentera De Oportunidad Sur De Quito, Quitumbe|$ 145.000|Casa|La Ecuatoriana, Sur De Quito|28 de marzo|432m²|9 habitaciones
Venta De Casa De Lujo En El Sector De Conocoto/Quito|$ 225.000|Casa|Conocoto, Valle Los Chillos|04 de abril|258m²|4 habitaciones
Casa En Venta De 260m Sector Nayon|$ 340.000|Casa|Nayon - Tanda, Valle Tumbaco|24 de marzo|948m²|3 habitaciones
Venta De Casa En Calderon|$ 87.000|Casa|Calderón, Norte De Quito|30 de marzo|110m²|3 habitaciones
Casa En Venta Calderon|$ 120.000|Casa|Calderón, Norte De Quito|28 de marzo|153m²|4 habitaciones
Sector Colegio Einstein Casa 4 Dormitorios, Carceln|$ 225.000|Casa|Jipijapa, Centro Norte|14 de marzo|383m²|4 habitaciones
Venta De Casa En Conocoto|$ 108.000|Casa|Conocoto, Valle Los Chillos|14 de marzo|216m²|3 habitaciones
Venta Casa En San Antonio De Pichincha.|$ 61.500|Casa|La Ecuatoriana, Sur De Quito|16 de marzo|80m²|3 habitaciones
Venta Casa En Conocoto, Santa Mnica Valle De Los Chillos|$ 137.000|Casa|Conocoto, Valle Los Chillos|14 de marzo|200m²|4 habitaciones
Hermosa Casa En Cumbay 3 Dormitorios Estudio Excelente Ubicacin|$ 220.000|Casa|Cumbaya, Valle Tumbaco|07 de abril|259m²|3 habitaciones
Se Vende Casa Porton De Cadiz Valle De Los Chillos|$ 79.800|Casa|Puengasí, Centro Colonial|27 de marzo|114m²|4 habitaciones
Venta Casa Estrenar Cerca A Esmil|$ 140.000|Casa|San Antonio De Pichincha, Norte De Quito|29 de marzo|145m²|3 habitaciones
Venta Ponceano Casa De Lujo, 4 Habitaciones,Cocina Equipada,Jardines|$ 550.000|Casa|Ponceano, Norte De Quito|11 de abril|743m²|4 habitaciones
Moderna Casa Con Acabados De Lujo|$ 220.000|Casa|Conocoto, Valle Los Chillos|11 de abril|600m²|3 habitaciones
Rentera, Urbanizacin Pio Xii, 4 Departamentos, 3 Estacionamientos|$ 160.000|Casa|Puengasí, Centro Colonial|30 de marzo|250m²|7 habitaciones
Oportunidad Vendo Casa Mitad Del Mundo Unasur Ag. Victoria Davila|$ 58.000|Casa|San Antonio De Pichincha, Norte De Quito|07 de abril|101m²|3 habitaciones
Venta De 5 Departamentos Y 1 Local Comercial Sector Carolina.|$ 750.000|Casa|Itchimbía, Centro Colonial|05 de abril|1131m²|10 habitaciones
CXC Venta De Casa Garrochal Quito Sur Exp.3371|$ 45.500|Casa|Belisario Quevedo, Centro Norte|07 de abril|97m²|2 habitaciones
Casa En Venta Sector Norte Carcelen Mastodontes Hospital San Francisco|$ 80.000|Casa|Carcelen, Norte De Quito|22 de marzo|150m²|3 habitaciones
Cumbaya Santa Lucia Vendo Casa|$ 330.000|Casa|Kennedy, Centro Norte|22 de marzo|272m²|3 habitaciones
Renta/ Venta De Casa 4 Dormitorios Tumbaco|$ 270.000|Casa|Tumbaco, Valle Tumbaco|08 de abril|400m²|4 habitaciones
Venta Casa Sector Guamani Sur De Quito|$ 73.000|Casa|Guamaní, Sur De Quito|01 de abril|88m²|3 habitaciones
Venta Casa Sector Lumbisi|$ 380.000|Casa|Cumbaya, Valle Tumbaco|07 de abril|240m²|3 habitaciones
Espectacular Casa Minimalista, Urbanizacin Armenia, 410 Mtrs Construccin|$ 390.000|Casa|Conocoto, Valle Los Chillos|31 de marzo|410m²|3 habitaciones
Venta De Casas En Caldern En Conjunto Cerrado San Nicolas, Cerca A La Panamericana|$ 110.000|Casa|Calderón, Norte De Quito|23 de marzo|235m²|3 habitaciones
Venta De Casa, Sector Valle De Los Chillos|$ 90.000|Casa|Conocoto, Valle Los Chillos|29 de marzo|117m²|3 habitaciones
Venta De Casa En Conocoto La Macarena/Dentro De Conjunto Residencial|$ 72.100|Casa|Conocoto, Valle Los Chillos|29 de marzo|70m²|2 habitaciones
Venta Casa De 3 Dormitorios En Conjunto Sector Armenia|$ 75.000|Casa|Conocoto, Valle Los Chillos|25 de marzo|85m²|3 habitaciones
Hermosas Casas En Calderon De Venta|$ 85.000|Casa|Calderón, Norte De Quito|30 de marzo|110m²|3 habitaciones
Venta De Casa Sector Colegio Menor/ Cumbaya|$ 360.000|Casa|Cumbaya, Valle Tumbaco|14 de marzo|219m²|3 habitaciones
Venta Casa Conocoto Cerca A La Salle|$ 83.000|Casa|San Antonio De Pichincha, Norte De Quito|16 de marzo|96m²|3 habitaciones
Salida Al Tingo, Mirazierra, Propiedad De 1.500m2 De Terreno Y 140 De Construccin|$ 250.000|Casa|Alangasí, Valle Los Chillos|30 de marzo|140m²|3 habitaciones
Vendo Casa A Estrenar De 130mts Ubicada En Capelo.|$ 110.000|Casa|Quito|07 de abril|130m²|3 habitaciones
Casa De Venta $100.000 Sector San Antonio De Pichincha|$ 100.000|Casa|San Antonio De Pichincha, Norte De Quito|11 de abril|183m²|3 habitaciones
Venta De Hostal Sector La Mariscal|$ 1.390.000|Casa|Mariscal Sucre, Centro Norte|04 de abril|850m²|10 habitaciones
Hermosa Quinta Amoblada En Puembo|$ 950.000|Casa|Puembo, Valle Tumbaco|05 de abril|517m²|3 habitaciones
Casa En Venta Playa Chica Los Chillos|$ 299.963|Casa|Iñaquito, Centro Norte|07 de abril|869m²|4 habitaciones
Armenia Country Club Casa 3 Plantas|$ 135.000|Casa|Alangasí, Valle Los Chillos|14 de marzo|135m²|4 habitaciones
Casa Con Piscina Cubierta Valle De Los Chillos $430.000|$ 430.000|Casa|Alangasí, Valle Los Chillos|21 de marzo|600m²|5 habitaciones
Tanda Nayon Estrenar Casa|$ 290.000|Casa|Nayon - Tanda, Valle Tumbaco|20 de marzo|230m²|3 habitaciones
Venta De Casa En Ponceano Alto, Mariano Paredes|$ 400.000|Casa|Ponceano, Norte De Quito|23 de marzo|448m²|4 habitaciones
En Venta Amplia Casa Con 2 Departamentos Sector Carcelen Colegio Americano|$ 267.000|Casa|Carcelen, Norte De Quito|20 de marzo|380m²|6 habitaciones
Venta Amplia Casa De 4 Dormitorios Con Bao Sector El Bosque|$ 450.000|Casa|Quito Tenis, Cochapamba, Centro Norte|25 de marzo|540m²|4 habitaciones
De Venta Casas En Calderon, Hermosas Y Amplias|$ 85.000|Casa|Calderón, Norte De Quito|30 de marzo|110m²|3 habitaciones
Casa De Venta Con Patio Privado En Carapungo, Gran Aki, 3 Dormitorios|$ 85.000|Casa|Carapungo, Calderón, Norte De Quito|22 de marzo|83m²|3 habitaciones
Venta Casa Sector Mirasierra Cerca Av. Ilalo, San Rafael|$ 138.000|Casa|Alangasí, Valle Los Chillos|14 de marzo|157m²|3 habitaciones
Casa De Venta En Campo Alegre, Monteserrin|$ 1.900.000|Casa|Monteserrin, Jipijapa, Centro Norte|11 de abril|3000m²|5 habitaciones
Venta, Condado, Casa, Oportunidad, 460 M|$ 280.000|Casa|El Condado, Norte De Quito|31 de marzo|460m²|4 habitaciones
Casa En Venta V103 Carcelen Norte De Quito|$ 129.000|Casa|Carcelen, Norte De Quito|06 de abril|120m²|3 habitaciones
Tonsupa, Suite Amoblada En Venta, 60 M2|$ 58.000|Casa|Iñaquito, Centro Norte|11 de abril|60m²|1 habitacion
Casa En Venta En Sector Rumiloma|$ 77.000|Casa|Conocoto, Valle Los Chillos|08 de abril|175m²|3 habitaciones
Salida Al Tingo, Independiente, Terreno 2.116m2, Construccin 500m2|$ 550.000|Casa|Alangasí, Valle Los Chillos|30 de marzo|500m²|4 habitaciones
Venta De Casa Esquinera,114 M, Ubicada En Conocoto|$ 90.000|Casa|San Isidro Del Inca, Centro Norte|06 de abril|114m²|3 habitaciones
Casa En Venta La Internacional Ag. Elizabeth Paredes|$ 178.000|Casa|La Magdalena, Sur De Quito|07 de abril|300m²|2 habitaciones
Casa En Venta Localizada En Carretas Sector Uraba|$ 95.000|Casa|Comité Del Pueblo, Centro Norte|14 de marzo|120m²|3 habitaciones
Casa De Venta Caldern $50.000|$ 50.000|Casa|Calderón, Norte De Quito|11 de abril|90m²|3 habitaciones
Venta De Casa Rentera Sector Puente 7.|$ 98.000|Casa|Quitumbe, Sur De Quito|04 de abril|680m²|10 habitaciones
CXC Venta De Casa Carapungo Norte De Quito Exp.2346|$ 85.000|Casa|Belisario Quevedo, Centro Norte|07 de abril|162m²|3 habitaciones
Casa En Carcelen Cerca Del Colegio Einstein Y Centro Comercial Condado Shopping|$ 249.000|Casa|Carcelen, Norte De Quito|23 de marzo|210m²|3 habitaciones
Casa En Venta Urbanizacin La Pampa|$ 143.963|Casa|Belisario Quevedo, Centro Norte|06 de abril|162m²|4 habitaciones
Venta De Casa En Conjunto Sector La Amernia $125.000|$ 125.000|Casa|Alangasí, Valle Los Chillos|14 de marzo|150m²|3 habitaciones
Venta Casa Sector Las Casas|$ 115.000|Casa|Las Casas, Belisario Quevedo, Centro Norte|07 de abril|191m²|3 habitaciones
Casa De Venta En Arrayanes|$ 650.000|Casa|Puembo, Valle Tumbaco|23 de marzo|1560m²|3 habitaciones
Hermosa Casa Sector La Pulida, Zona Residencial, 3 Dormitorios, 2 Plantas|$ 84.000|Casa|Cochapamba, Centro Norte|20 de marzo|115m²|3 habitaciones
Venta Casa 4 Dormitorios Caldern Cerca A La Simn Bolvar|$ 110.000|Casa|Calderón, Norte De Quito|24 de marzo|186m²|4 habitaciones
Calderon En Venta Casa Esquinera Para Credito Vip|$ 69.990|Casa|Calderón, Norte De Quito|30 de marzo|93m²|3 habitaciones
Casa En Venta Sector Mirasierra Cerca Av Ilalo|$ 108.000|Casa|Alangasí, Valle Los Chillos|14 de marzo|117m²|3 habitaciones
Casa De Venta En Tumbaco, Urbanizacin Privada|$ 850.000|Casa|Tumbaco, Valle Tumbaco|11 de abril|3313m²|5 habitaciones
En Venta, Amplia Casa Con Excelentes Acabados, Sector El Bosque|$ 260.000|Casa|Quito Tenis, Cochapamba, Centro Norte|28 de marzo|250m²|3 habitaciones
Casa De Venta Junto A Balcones Del Norte|$ 119.000|Casa|Carcelen, Norte De Quito|10 de abril|117m²|3 habitaciones
Venta Casa Independiente,320mts, En Urbanizacin, Valles De Los Chillos.|$ 180.000|Casa|Rumipamba, Centro Norte|06 de abril|320m²|4 habitaciones
Venta Hermosa Casa Dentro De Conjunto Privado En Tumbaco Ag Corona Gaibor|$ 240.000|Casa|Tumbaco, Valle Tumbaco|31 de marzo|269m²|3 habitaciones
Casa En Venta Localizada En Angel Ludea Sector Hospital Pablo Arturo Suarez|$ 175.000|Casa|Cotocollao, Norte De Quito|14 de marzo|330m²|6 habitaciones
Venta De Casa Con 5 Departamentos En El Sector De Fundeporte.|$ 198.000|Casa|Quitumbe, Sur De Quito|04 de abril|480m²|10 habitaciones
CXC Venta De Casa / Sierra Hermosa / Norte De Quito / Exp.2347|$ 74.000|Casa|Belisario Quevedo, Centro Norte|31 de marzo|169m²|3 habitaciones
Casa En Venta En Tumbaco Quito|$ 185.990|Casa|Tumbaco, Valle Tumbaco|23 de marzo|170m²|3 habitaciones
Vendo Hermosas Casas Por Estrenar, Sector Ventura Mall, Cumbaya|$ 217.000|Casa|Cumbaya, Valle Tumbaco|01 de abril|200m²|3 habitaciones
Casa Terreno En Venta Italia Y Mariana|$ 535.000|Casa|Iñaquito, Centro Norte|02 de abril|756m²|10 habitaciones
Venta Casa Batan Bajo|$ 435.000|Casa|Iñaquito, Centro Norte|07 de abril|455m²|6 habitaciones
Casa Amplia De Venta, Sector Miravalle Cumbaya|$ 1.230.000|Casa|Mariscal Sucre, Centro Norte|23 de marzo|1100m²|4 habitaciones
Tumbaco! Hermosa Casa En Venta De 122m2 $125000|$ 125.000|Casa|Tumbaco, Valle Tumbaco|05 de abril|122m²|3 habitaciones
Calderon, Venta De Casa Amplia Credito Vip|$ 77.000|Casa|Calderón, Norte De Quito|30 de marzo|104m²|3 habitaciones
Casa En Venta En Cumbaya|$ 245.000|Casa|Alangasí, Valle Los Chillos|14 de marzo|214m²|3 habitaciones
Oportunidad De Precio Para Compra De Casa-Terreno|$ 175.000|Casa|Amaguaña, Sur De Quito|07 de abril|1012m²|6 habitaciones
Vendo Propiedad En Los Chillos, Sector Mirasierra, Tipo Rstica, 240m2 De Construccin, 350m2 De Terreno|$ 165.000|Casa|Alangasí, Valle Los Chillos|26 de marzo|240m²|4 habitaciones
Venta De Casa Independiente, 200 M, Ubicada En San Pedro De Taboada|$ 155.000|Casa|Conocoto, Valle Los Chillos|06 de abril|200m²|3 habitaciones
Vendo Casas En La Mitad Del Mundo Por Estrenar|$ 77.000|Casa|San Antonio De Pichincha, Norte De Quito|11 de abril|103m²|3 habitaciones
Casa En Venta En Cumbres De San Isidro Del Inca Ag. Ximena Ortiz|$ 110.000|Casa|San Isidro Del Inca, Centro Norte|28 de marzo|131m²|3 habitaciones
Venta De Casa Rentera Cerca Ala Universidad Tecnologica Equinoccial.|$ 470.000|Casa|Rumipamba, Centro Norte|04 de abril|540m²|7 habitaciones
CXC Venta De Casa Rentera / Carapungo / Quito Norte / Exp.2345|$ 68.000|Casa|Belisario Quevedo, Centro Norte|31 de marzo|233m²|4 habitaciones
Venta Casa Cumbaya Sector Santa Lucia, Atrs Del C.C. Plaza Cumbaya|$ 215.000|Casa|Cumbaya, Valle Tumbaco|29 de marzo|180m²|4 habitaciones
Venta Casa Sector Pinar Alto|$ 219.000|Casa|El Pinar, Concepción, Centro Norte|07 de abril|263m²|3 habitaciones
Venta Casa Valle De Los Chillos 233 M2 Mas Jardn 3 Dorm Mas Estudio Amplio En Conjunto No Adosada|$ 275.000|Casa|Alangasí, Valle Los Chillos|05 de abril|497m²|4 habitaciones
Casa Esquinera En Venta En Calderon|$ 69.990|Casa|Calderón, Norte De Quito|30 de marzo|93m²|3 habitaciones
Venta Casa 160 M2 Mas Jardn Y Balcn 45 M2 Parque La Moya, Conocoto Chillos|$ 139.700|Casa|Conocoto, Valle Los Chillos|17 de marzo|160m²|3 habitaciones
Casa En Venta En Cumbaya/ Sector El Nacional|$ 239.000|Casa|Tumbaco, Valle Tumbaco|14 de marzo|178m²|4 habitaciones
Casa De Venta Sector Academia Cotopaxi, Campo Alegre|$ 340.000|Casa|Jipijapa, Centro Norte|11 de abril|479m²|4 habitaciones
Casa Rentera, Reconstruida, Santa Prisca, 9 Dptos|$ 350.000|Casa|Iñaquito, Centro Norte|06 de abril|400m²|10 habitaciones
Casa De Venta Einstein, Carceln, Conjun|$ 210.000|Casa|Carcelen, Norte De Quito|03 de abril|275m²|4 habitaciones
Los Chillos, Conocoto, La Salle, Vendo Propiedad De 1.000m2 De Terreno Y 200m2 De Construccin|$ 170.000|Casa|Conocoto, Valle Los Chillos|22 de marzo|200m²|4 habitaciones
Vendo Casa De Oportunidad Mitad Del Mundo|$ 98.000|Casa|San Antonio De Pichincha, Norte De Quito|11 de abril|112m²|3 habitaciones
Vendo Acogedora Casa En San Pedro De Taboada Ag. Ximena Ortiz|$ 123.000|Casa|Kennedy, Centro Norte|28 de marzo|131m²|3 habitaciones
Amplia Casa De Venta Sector Norte La Pulida|$ 199.000|Casa|Comité Del Pueblo, Centro Norte|05 de abril|426m²|4 habitaciones
CXC Venta De 2 Casas / La Tola Alta / Centro / Exp.1056|$ 112.000|Casa|Belisario Quevedo, Centro Norte|31 de marzo|233m²|6 habitaciones
Casa En Venta Cumbaya / Reservorio / Usfq / 4 Dormitorios|$ 390.000|Casa|Cumbaya, Valle Tumbaco|06 de abril|370m²|4 habitaciones
Venta Casa Sector Jipijapa|$ 400.000|Casa|Jipijapa, Centro Norte|07 de abril|689m²|6 habitaciones
San Francisco De Tanda! Espectacular Casa En Venta, 200m2|$ 330.000|Casa|Nayon - Tanda, Valle Tumbaco|05 de abril|200m²|3 habitaciones
Casa En Venta En Calderon|$ 69.990|Casa|Calderón, Norte De Quito|30 de marzo|93m²|3 habitaciones
Casa. De Venta. Urbanizacin El Condado. 247m. 2 Plantas. Patio Privado. Jacuzzi.|$ 285.000|Casa|El Condado, Norte De Quito|17 de marzo|247m²|3 habitaciones
Carcelen Los Mastodontes Casa De Venta 4 Dormitorios Jardin|$ 140.000|Casa|Carcelen, Norte De Quito|05 de abril|330m²|4 habitaciones
Casa Quinta De Venta V098 En Checa|$ 230.000|Casa|Checa, Valle Tumbaco|06 de abril|106m²|2 habitaciones
Casa Remodela, Conjunto Privado,Marianitascaldern|$ 54.000|Casa|Calderón, Norte De Quito|06 de abril|115m²|3 habitaciones
Venta De Casa De 180mts Totales, Ubicada En La Armenia|$ 138.000|Casa|Conocoto, Valle Los Chillos|29 de marzo|180m²|4 habitaciones
Se Vende Hermosa Casa 140m2|$ 108.000|Casa|Pomasqui, Norte De Quito|11 de abril|140m²|4 habitaciones
Vendo Hermosa Casa En La Urbanizacin Exclusiva Ag. Wladimir Herrera|$ 230.000|Casa|Conocoto, Valle Los Chillos|25 de marzo|630m²|4 habitaciones
Venta De Casa En Cumbaya En Lo Ms Exclusivo|$ 750.000|Casa|Cumbaya, Valle Tumbaco|11 de abril|450m²|3 habitaciones
CXC Venta De Casa Rentera / Chillogallo / Sur De Quito / Exp.3369|$ 99.900|Casa|Belisario Quevedo, Centro Norte|30 de marzo|157m²|5 habitaciones
Venta De Casa En Av. La Maosca|$ 225.000|Casa|Rumipamba, Centro Norte|30 de marzo|226m²|5 habitaciones
Casa En Venta Sector Embajada Amricana|$ 148.693|Casa|Iñaquito, Centro Norte|19 de marzo|168m²|3 habitaciones
Vendo Casa Sector El Inca / Centro Norte De Quito|$ 110.000|Casa|Iñaquito, Centro Norte|29 de marzo|150m²|3 habitaciones
Venta De Casa Sector Tanda|$ 350.000|Casa|Nayon - Tanda, Valle Tumbaco|07 de abril|620m²|5 habitaciones
*Ciudadela Eden Del Valle!! Hermosa Casa De 132m2 En Venta!! Sector Puente Amarillo!|$ 58.000|Casa|Puengasí, Centro Colonial|04 de abril|132m²|3 habitaciones
Hermosas Casas De Venta En Quito Con Piscina|$ 69.590|Casa|Iñaquito, Centro Norte|30 de marzo|90m²|3 habitaciones
Casa De Venta Sector Chillogallo|$ 230.000|Casa|Chillogallo, Sur De Quito|06 de abril|566m²|6 habitaciones
Casa De Venta En El Einstein, Carceln|$ 165.000|Casa|Carcelen, Norte De Quito|18 de marzo|170m²|4 habitaciones
Ontaneda, Propiedad Comercial Y Rentera, 3 Casas Independientes, 7.390m2 De Terreno|$ 1.500.000|Casa|Conocoto, Valle Los Chillos|14 de marzo|1200m²|10 habitaciones
Venta De Quinta, Ubicada En Valle De Los Chillos,17654mts Totales.|$ 2.785.000|Casa|El Condado, Norte De Quito|27 de marzo|1765m²|5 habitaciones
Vendo Casa Nueva En Pifo Ag. Marjorie Salvador|$ 100.000|Casa|Pifo, Valle Tumbaco|25 de marzo|134m²|3 habitaciones
Venta Casa 3 Dormi, Va La Mitad Del Mundo, Posmaqui Oportunidad!|$ 70.000|Casa|Pomasqui, Norte De Quito|08 de abril|87m²|3 habitaciones
Hermosa Casa De Venta Sector La Pampa II|$ 167.224|Casa|Pomasqui, Norte De Quito|05 de abril|180m²|3 habitaciones
CXC Venta De Casa / El Dorado / Centro De Quito / Exp.1055|$ 84.000|Casa|Belisario Quevedo, Centro Norte|30 de marzo|154m²|3 habitaciones
Casa En Venta De Oportunidad, Sector El Inca Conjunto Residencial Cerca De La Embajada Americana|$ 145.000|Casa|Nayon - Tanda, Valle Tumbaco|18 de marzo|145m²|4 habitaciones
Casa De 3 Dormitorios En Obra Gris Sector La Pampa|$ 220.000|Casa|Pomasqui, Norte De Quito|16 de marzo|214m²|3 habitaciones
Casas De Venta En Calderon, Con Terraza Calderon|$ 87.000|Casa|Calderón, Norte De Quito|30 de marzo|110m²|3 habitaciones
Casa En Venta En Tanda 108 M2 Sector Cumbaya|$ 162.678|Casa|Rumipamba, Centro Norte|14 de marzo|191m²|2 habitaciones
Casa En Venta En Puembo, Los Arrayanes|$ 1.000.000|Casa|Puembo, Valle Tumbaco|31 de marzo|1120m²|4 habitaciones
Casa Rentera, Venta, Tres Departamentos, 200 M Total.|$ 70.000|Casa|El Condado, Norte De Quito|19 de marzo|200m²|6 habitaciones
Casa De Venta V130 Embajada Americana|$ 155.000|Casa|Kennedy, Centro Norte|04 de abril|170m²|3 habitaciones
Casa Rentera En Venta Sector San Jose De Moran Quito Norte Af1715|$ 70.000|Casa|Carcelen, Norte De Quito|04 de abril|100m²|6 habitaciones
Yaruqu Casa Independiente En Venta Con Terreno 5 Habitaciones 300 M2|$ 220.000|Casa|Yaruqui, Valle Tumbaco|07 de abril|300m²|6 habitaciones
Hermosa Casa En Conjunto Sector San Rafael|$ 120.000|Casa|Amaguaña, Sur De Quito|06 de abril|232m²|3 habitaciones
Vendo Casa Rentera De Oportunidad Jaime Roldos|$ 190.000|Casa|San Antonio De Pichincha, Norte De Quito|11 de abril|900m²|6 habitaciones
Venta / Renta Casa De 4 Dormi, Sector Cumbaya|$ 520.000|Casa|Cumbaya, Valle Tumbaco|08 de abril|700m²|4 habitaciones
Hermosa Casa De Venta Sector La Primavera|$ 264.000|Casa|Cumbaya, Valle Tumbaco|05 de abril|237m²|3 habitaciones
CXC Venta De Casa Local / Santo Thomas / Sur De Quito / Exp.3367|$ 85.000|Casa|Belisario Quevedo, Centro Norte|29 de marzo|192m²|4 habitaciones
Venta De Casa Ubicada En Pillagua Cumbaya|$ 520.000|Casa|Cumbaya, Valle Tumbaco|07 de abril|620m²|4 habitaciones
Venta Casa Cumbaya 145m Conjunto Con Piscina Gym 2 Plantas Mas Patio|$ 177.000|Casa|Cumbaya, Valle Tumbaco|06 de abril|145m²|3 habitaciones
Venta De Casa En Caldern, Para Credito Vip|$ 70.000|Casa|Calderón, Norte De Quito|30 de marzo|93m²|3 habitaciones
Casa En Venta En Cumbay 189 M2 Sector Tanda|$ 280.074|Casa|Rumipamba, Centro Norte|14 de marzo|280m²|3 habitaciones
Venta De Casa En La Via/ Tumbaco|$ 460.000|Casa|Tumbaco, Valle Tumbaco|31 de marzo|800m²|3 habitaciones
Venta, Casa Rentera Ciudadela La Paulina, Sector Chillogallo.|$ 148.000|Casa|Chillogallo, Sur De Quito|16 de marzo|293m²|7 habitaciones
